User name,AWS access key,Event time,Event source,Event name,AWS region,Source IP address,User agent,Error code,Resources,Request ID,Event ID,Read-only,Event type,Recipient Account Id,Event category
root,ASIA2FLLZSFWP7KDE2FD,2020-06-05T21:57:13Z,iam.amazonaws.com,UpdateLoginProfile,us-east-1,176.199.210.146,console.amazonaws.com,,"[{""resourceType"":""AWS::IAM::User"",""resourceName"":""Accountant""}]",f015be13-9a3a-4e6b-bdea-023ac1bd68e5,38ea6d5c-8e66-4056-976b-571324d82eb7,,AwsApiCall,698695127404,
root,ASIA2FLLZSFWP7KDE2FD,2020-06-05T21:56:54Z,iam.amazonaws.com,UpdateLoginProfile,us-east-1,176.199.210.146,console.amazonaws.com,,"[{""resourceType"":""AWS::IAM::User"",""resourceName"":""CloudTrail""}]",f0fc3f5c-eabe-4a3e-838b-65d72e42df5f,e1f3ff30-3d47-4098-b1ee-0ee3c11c3b3c,,AwsApiCall,698695127404,
root,,2020-06-05T21:55:59Z,signin.amazonaws.com,ConsoleLogin,us-east-1,176.199.210.146,"Mozilla/5.0 (Windows NT 10.0; Win64; x64) AppleWebKit/537.36 (KHTML, like Gecko) Chrome/83.0.4103.61 Safari/537.36",,[],,cfe3fe4d-aabb-4ba3-ae1a-d6842970fc51,,AwsConsoleSignIn,698695127404,
Accountant,ASIA2FLLZSFWAZ5FKXJQ,2020-06-05T21:53:45Z,iam.amazonaws.com,ChangePassword,us-east-1,AWS Internal,AWS Internal,,[],a00b9f43-170c-4172-83f0-826036249200,c7a439f3-9e2a-4bb1-908c-77cc22edf39d,false,AwsApiCall,698695127404,
Administrator,ASIA2FLLZSFWBQAOJROK,2020-06-05T21:53:16Z,iam.amazonaws.com,CreateLoginProfile,us-east-1,176.199.210.146,console.amazonaws.com,,"[{""resourceType"":""AWS::IAM::User"",""resourceName"":""Accountant""}]",3bca5e6e-d2db-44dc-9541-a39391fc89ce,de6750a3-200b-4571-b300-cf7f640c70c4,,AwsApiCall,698695127404,
Administrator,ASIA2FLLZSFWBQAOJROK,2020-06-05T21:53:15Z,iam.amazonaws.com,CreateUser,us-east-1,176.199.210.146,console.amazonaws.com,,"[{""resourceType"":""AWS::IAM::User"",""resourceName"":""arn:aws:iam::698695127404:user/Accountant""},{""resourceType"":""AWS::IAM::User"",""resourceName"":""Accountant""},{""resourceType"":""AWS::IAM::User"",""resourceName"":""AIDA2FLLZSFWI6BK4XHLV""}]",60b59fa5-a558-4eff-ad45-fd504a616bdd,50a05862-488a-4531-88fc-8f0edd43fb67,,AwsApiCall,698695127404,
Administrator,ASIA2FLLZSFWBQAOJROK,2020-06-05T21:53:15Z,iam.amazonaws.com,AttachUserPolicy,us-east-1,176.199.210.146,console.amazonaws.com,,"[{""resourceType"":""AWS::IAM::User"",""resourceName"":""Accountant""},{""resourceType"":""AWS::IAM::Policy"",""resourceName"":""arn:aws:iam::aws:policy/IAMUserChangePassword""}]",299bc090-ec3d-4446-8b67-ff17218042ea,5a910eaf-39ef-4c39-9238-004f9c95efe1,,AwsApiCall,698695127404,
Administrator,ASIA2FLLZSFWBQAOJROK,2020-06-05T21:53:15Z,iam.amazonaws.com,AddUserToGroup,us-east-1,176.199.210.146,console.amazonaws.com,,"[{""resourceType"":""AWS::IAM::User"",""resourceName"":""Accountant""},{""resourceType"":""AWS::IAM::Group"",""resourceName"":""Reviewers""}]",af520ead-7762-4d48-a77b-1bcc2bf5ab80,6f7ef512-5d30-4e09-a3cf-3ed3ea7b5c9d,,AwsApiCall,698695127404,
CloudTrail,,2020-06-05T21:52:16Z,signin.amazonaws.com,SwitchRole,us-east-1,176.199.210.146,"Mozilla/5.0 (Windows NT 10.0; Win64; x64) AppleWebKit/537.36 (KHTML, like Gecko) Chrome/83.0.4103.61 Safari/537.36",,[],,8df8216b-c29e-4a92-9fb9-e4e6da7e785a,,AwsConsoleSignIn,698695127404,
CloudTrail,,2020-06-05T21:52:06Z,signin.amazonaws.com,SwitchRole,us-east-1,176.199.210.146,"Mozilla/5.0 (Windows NT 10.0; Win64; x64) AppleWebKit/537.36 (KHTML, like Gecko) Chrome/83.0.4103.61 Safari/537.36",,[],,2d20f7ec-3b66-4983-9b90-6169f572cf38,,AwsConsoleSignIn,698695127404,
CloudTrail,ASIA2FLLZSFWLMMRNLET,2020-06-05T21:45:51Z,cloudtrail.amazonaws.com,StartLogging,eu-central-1,176.199.210.146,console.amazonaws.com,,"[{""resourceType"":""AWS::CloudTrail::Trail"",""resourceName"":""Udacity_Trail""}]",c14cd4e1-0587-457e-8eed-1a8c2a2fd01c,728bbd84-6b44-4569-9d1c-5dbc5defdbb6,false,AwsApiCall,698695127404,
CloudTrail,ASIA2FLLZSFWLMMRNLET,2020-06-05T21:45:50Z,cloudtrail.amazonaws.com,CreateTrail,eu-central-1,176.199.210.146,console.amazonaws.com,,"[{""resourceType"":""AWS::CloudTrail::Trail"",""resourceName"":""Udacity_Trail""},{""resourceType"":""AWS::CloudTrail::Trail"",""resourceName"":""arn:aws:cloudtrail:eu-central-1:698695127404:trail/Udacity_Trail""},{""resourceType"":""AWS::S3::Bucket"",""resourceName"":""udacity-cloudtrail-jprottung""}]",a86cbedb-25eb-46fd-90bb-9767a0ad0a5a,b61fe948-dcf2-476b-80f0-994410eb156d,false,AwsApiCall,698695127404,
CloudTrail,ASIA2FLLZSFWLMMRNLET,2020-06-05T21:45:50Z,s3.amazonaws.com,PutBucketPolicy,eu-central-1,176.199.210.146,"[AWSCloudTrail, aws-internal/3 aws-sdk-java/1.11.783 Linux/4.9.184-0.1.ac.235.83.329.metal1.x86_64 OpenJDK_64-Bit_Server_VM/25.252-b09 java/1.8.0_252 vendor/Oracle_Corporation]",,"[{""resourceType"":""AWS::S3::Bucket"",""resourceName"":""udacity-cloudtrail-jprottung""}]",6D09A7B37E777B81,ddb9e6c2-33cb-433f-94d8-56e6ae9f461f,,AwsApiCall,698695127404,
CloudTrail,ASIA2FLLZSFWLMMRNLET,2020-06-05T21:45:50Z,s3.amazonaws.com,CreateBucket,eu-central-1,176.199.210.146,"[AWSCloudTrail, aws-internal/3 aws-sdk-java/1.11.783 Linux/4.9.184-0.1.ac.235.83.329.metal1.x86_64 OpenJDK_64-Bit_Server_VM/25.252-b09 java/1.8.0_252 vendor/Oracle_Corporation]",,"[{""resourceType"":""AWS::S3::Bucket"",""resourceName"":""udacity-cloudtrail-jprottung""}]",571EAD71E2BE9C34,ec4e7bef-fa67-410e-8d88-04d6f8a7aab1,,AwsApiCall,698695127404,
CloudTrail,ASIA2FLLZSFWLMMRNLET,2020-06-05T21:45:50Z,cloudtrail.amazonaws.com,PutEventSelectors,eu-central-1,176.199.210.146,console.amazonaws.com,,"[{""resourceType"":""AWS::CloudTrail::Trail"",""resourceName"":""Udacity_Trail""},{""resourceType"":""AWS::CloudTrail::Trail"",""resourceName"":""arn:aws:cloudtrail:eu-central-1:698695127404:trail/Udacity_Trail""}]",01948d73-bed3-4642-9470-0c5759b58e46,fa026907-7a26-4ccd-95b2-518128ddae2d,false,AwsApiCall,698695127404,
CloudTrail,ASIA2FLLZSFWAL3YM773,2020-06-05T21:44:33Z,iam.amazonaws.com,ChangePassword,us-east-1,AWS Internal,AWS Internal,,[],f5f80d97-1a09-4c52-ad8a-e34c4c2b9386,8e58acbd-368b-417a-8ad9-1b61d1cd45c3,false,AwsApiCall,698695127404,
root,ASIA2FLLZSFWGDKJ7MNV,2020-06-05T21:42:44Z,iam.amazonaws.com,CreateLoginProfile,us-east-1,176.199.210.146,console.amazonaws.com,,"[{""resourceType"":""AWS::IAM::User"",""resourceName"":""CloudTrail""}]",b769eb50-ea28-4b99-a77d-958b953c8e3d,63c07b1a-b2a8-4dea-a517-c3314909a6df,,AwsApiCall,698695127404,
root,ASIA2FLLZSFWGDKJ7MNV,2020-06-05T21:42:43Z,iam.amazonaws.com,CreateUser,us-east-1,176.199.210.146,console.amazonaws.com,,"[{""resourceType"":""AWS::IAM::User"",""resourceName"":""arn:aws:iam::698695127404:user/CloudTrail""},{""resourceType"":""AWS::IAM::User"",""resourceName"":""CloudTrail""},{""resourceType"":""AWS::IAM::User"",""resourceName"":""AIDA2FLLZSFWLOVGXMQSX""}]",ed4fe4fd-7fe5-426c-a54d-050fc4df86a1,203e4234-5014-4246-8e5b-d9a680d3529f,,AwsApiCall,698695127404,
root,ASIA2FLLZSFWGDKJ7MNV,2020-06-05T21:42:43Z,iam.amazonaws.com,AddUserToGroup,us-east-1,176.199.210.146,console.amazonaws.com,,"[{""resourceType"":""AWS::IAM::User"",""resourceName"":""CloudTrail""},{""resourceType"":""AWS::IAM::Group"",""resourceName"":""CloudTrailAdmins""}]",0e925d77-59d9-4614-b313-ea746b1d9648,85f906df-be7e-4466-ab80-be63594a6210,,AwsApiCall,698695127404,
root,ASIA2FLLZSFWGDKJ7MNV,2020-06-05T21:42:43Z,iam.amazonaws.com,AttachUserPolicy,us-east-1,176.199.210.146,console.amazonaws.com,,"[{""resourceType"":""AWS::IAM::User"",""resourceName"":""CloudTrail""},{""resourceType"":""AWS::IAM::Policy"",""resourceName"":""arn:aws:iam::aws:policy/IAMUserChangePassword""}]",9c5456c4-01fb-4802-977b-11b872bf67bd,b9b25b69-17e2-419b-8b21-544633dfc270,,AwsApiCall,698695127404,
root,ASIA2FLLZSFWGDKJ7MNV,2020-06-05T21:42:04Z,iam.amazonaws.com,AttachGroupPolicy,us-east-1,176.199.210.146,console.amazonaws.com,,"[{""resourceType"":""AWS::IAM::Policy"",""resourceName"":""arn:aws:iam::aws:policy/job-function/Billing""},{""resourceType"":""AWS::IAM::Group"",""resourceName"":""Reviewers""}]",e0591268-8d94-40ae-b9f3-0d2b3ede540a,30629086-eee1-443f-84ca-efc4bf154e95,,AwsApiCall,698695127404,
root,ASIA2FLLZSFWGDKJ7MNV,2020-06-05T21:42:04Z,iam.amazonaws.com,CreateGroup,us-east-1,176.199.210.146,console.amazonaws.com,,"[{""resourceType"":""AWS::IAM::Group"",""resourceName"":""arn:aws:iam::698695127404:group/Reviewers""},{""resourceType"":""AWS::IAM::Group"",""resourceName"":""Reviewers""},{""resourceType"":""AWS::IAM::Group"",""resourceName"":""AGPA2FLLZSFWDJAU2RX5U""}]",6612192c-5694-4fcd-8cfb-3b250305457a,6c6ed911-6914-4f73-8127-030b215c541e,,AwsApiCall,698695127404,
root,ASIA2FLLZSFWGDKJ7MNV,2020-06-05T21:41:52Z,iam.amazonaws.com,AttachGroupPolicy,us-east-1,176.199.210.146,console.amazonaws.com,,"[{""resourceType"":""AWS::IAM::Policy"",""resourceName"":""arn:aws:iam::aws:policy/AWSCloudTrailFullAccess""},{""resourceType"":""AWS::IAM::Group"",""resourceName"":""CloudTrailAdmins""}]",d0527db1-bf52-4bb2-a845-ac5fbc16a559,65dfc97b-8247-48f1-b069-1e8cbfc660ee,,AwsApiCall,698695127404,
root,ASIA2FLLZSFWGDKJ7MNV,2020-06-05T21:41:52Z,iam.amazonaws.com,AttachGroupPolicy,us-east-1,176.199.210.146,console.amazonaws.com,,"[{""resourceType"":""AWS::IAM::Policy"",""resourceName"":""arn:aws:iam::aws:policy/AWSCloudTrailReadOnlyAccess""},{""resourceType"":""AWS::IAM::Group"",""resourceName"":""CloudTrailAdmins""}]",96b9c635-56e3-4f46-aaf8-fa41909d58b8,69585ae1-b46d-40de-8d72-eea5b9571741,,AwsApiCall,698695127404,
root,ASIA2FLLZSFWGDKJ7MNV,2020-06-05T21:41:52Z,iam.amazonaws.com,CreateGroup,us-east-1,176.199.210.146,console.amazonaws.com,,"[{""resourceType"":""AWS::IAM::Group"",""resourceName"":""CloudTrailAdmins""},{""resourceType"":""AWS::IAM::Group"",""resourceName"":""arn:aws:iam::698695127404:group/CloudTrailAdmins""},{""resourceType"":""AWS::IAM::Group"",""resourceName"":""AGPA2FLLZSFWOLYCVXBZ7""}]",8fa7cda6-f4ec-41fc-b7f5-e8697321fec6,da014edf-b837-4989-8b71-3406028a8b3c,,AwsApiCall,698695127404,
root,ASIA2FLLZSFWGDKJ7MNV,2020-06-05T21:41:13Z,iam.amazonaws.com,UpdateAccountPasswordPolicy,us-east-1,176.199.210.146,console.amazonaws.com,,[],4598b222-6b85-4749-aa75-9bf938f9acf2,8f12b791-ef70-49c5-b4e0-817835a25723,,AwsApiCall,698695127404,
